"ISO3","Name","1995","1996","1997","1998","1999","2000","2001","2002","2003","2004","2005","2006","2007","2008","2009","2010","2011","2012","2013","2014","2015","2016","2017","2018","2019","2020"
"AFG","Afghanistan",877.01426830392,877.01426830392,877.01426830392,877.01426830392,877.01426830392,877.01426830392,877.01426830392,877.01426830392,927.857548047018,925.441429176842,1023.05174932878,1077.76153966077,1228.70386342946,1272.57297477768,1519.69292278438,1710.57541109225,1699.48811019742,1914.77422837964,2015.51477466948,2069.42402167356,2087.30532306683,1981.11806850696,2058.4002210698,2082.63564821362,2152.3664894209,2078.64861450906
"ALB","Albania",2664.37301811108,2978.50845068672,2717.6443480695,3021.04157736341,3471.66150890924,3860.80462705845,4299.54649293767,4661.40269532788,5000.04936305629,5427.73266241123,5865.30190379844,6566.57282794654,7283.34263812006,8228.34804111345,8813.02946080293,9628.72196177826,10207.7675731705,10526.2591833762,10570.963733047,11259.2675137673,11658.9055171112,12078.8431361843,12770.9642910053,13498.1165268196,13998.0256546027,13412.0972804773
"DZA","Algeria",7078.35117951258,7373.07499715188,7465.89958356471,7816.77214903166,8068.2966884468,8446.58774102862,8775.11790745312,9293.83714349081,10019.3578919395,10591.0381897757,11405.6425223873,11776.0404022627,12311.0384280957,12643.1514779138,12722.3786946243,13095.449178663,13500.0447902878,13303.3275185881,13056.8025915699,13003.2668603131,12015.6405282427,11624.3407751545,11737.4012353821,11909.9298247204,12009.248207942,11324.2358133821
"AND","Andorra",,,,,,,,,,,,,,,,,,,,,,,,,,
"AGO","Angola",2649.36112085334,2966.383322399,3136.51628626983,3215.10561889009,3226.1281422107,3289.40954946819,3389.19696691951,3785.1503220062,3838.7950524777,4225.4679269176,4837.70982676046,5362.01984289893,6050.61055453052,6607.29163426752,6470.67524420331,6587.98693898257,6710.75062298751,7412.96703464311,7682.47538648506,8179.29782812609,7337.56982204938,7103.22643061091,7310.89658895511,7099.97195809928,6952.41936236851,6445.43287270595
"ATG","Antigua and Barbuda",13221.9493357343,14045.649274412,14757.1243071288,15306.5048821576,15789.4351996682,16843.1216095067,16173.3262222136,16367.734900892,17458.8837289464,18718.3707760024,20269.690993938,23180.4007139502,25613.5465027525,25690.689492805,22435.3937041743,20611.4457775542,20347.8684831466,19598.0238599601,18797.6263678382,19039.0045029811,18911.3068944389,19920.2657838504,19840.2840357027,21521.8850511088,22774.1742001371,18241.868195762
"ARG","Argentina",9963.36090231541,10579.4772698476,11507.8954146611,11949.4186592024,11581.8905140722,11618.7932334926,11226.8797464943,10052.4882560869,11025.1860988296,12214.7407113551,13568.7692061284,14951.7289508076,16570.0078336983,17404.0691420333,16334.7408131075,18061.9343589164,19322.2271236942,19641.3528638347,20131.6804246983,19683.7715056442,20105.1989918165,20307.870052142,23597.117752839,23293.3986337639,22999.2750525577,20770.7264196415
"ARM","Armenia",1817.14826334888,1989.33572769927,2115.61704374486,2313.61779300261,2439.91275322368,2658.34432173041,2995.90884550107,3463.98606346213,4043.65506161727,4614.86980387949,5455.43499457867,6411.81964016089,7551.64363563305,8300.49198824733,7233.03992810233,7506.32190855914,8025.4584849173,9364.37529918435,9835.80246091985,10036.8898405952,9969.66485397823,10704.2297624759,12115.1392902637,13020.3963185992,14231.1801885329,13312.1138600539
"AUS","Australia",20923.5552047671,22008.9115920568,22972.4878585107,24210.6362668513,25296.2635489631,26343.0767025713,27439.8277870076,28768.7286317056,29807.4095606,31407.4614546007,32653.4016208815,34369.6193939212,36599.8507307471,37499.5251319174,40281.799672065,39336.6634845318,42003.1580559752,42836.6718635909,45906.4400399472,46880.8951800484,46248.6164566389,47255.3070085957,48398.5497014956,50169.1872936523,51748.3977215322,53316.8854335814
"AUT","Austria",23684.6200543557,24553.8401338753,25426.7174051837,26675.0431579236,27606.4830303088,29376.0197364753,29702.7975286074,31178.6933297272,32144.2418052358,33773.825776679,35013.7140443423,37662.1851663577,39430.6091682131,41316.225176699,40918.1321224314,42009.4385277438,44452.7327457999,46457.3457770311,47922.0491207455,48799.7154676985,49865.9039424185,52684.0171130768,54172.9867888254,56960.0914258929,58076.348801448,55685.9702933361
"AZE","Azerbaijan",2318.66598499433,2367.73620175635,2525.38006091237,2782.64722815762,3005.22223255099,3385.5127273497,3772.94378267173,4163.19998698029,4638.12476816102,5158.39459385476,6737.14620835883,9233.68079666208,11718.5267261314,12956.834046821,13976.1096357098,14677.1648204193,14804.5744507911,15957.7188502849,17188.9455056612,17443.8782563093,14938.4011276715,14371.0227410092,14121.4069355591,14550.7628169318,15052.7938701564,14479.7054094424
"BHS","Bahamas",22069.78193012,23109.5516501455,24844.1903544162,23725.0901841055,26685.2867178191,28034.1965161346,28956.8955024979,29715.6952831507,29363.121938633,29869.4063424936,31261.773574933,32401.6259235917,33117.6050712001,32373.492644525,30728.818092197,31090.5816457788,31522.0202333876,32216.6977983187,31650.4390099407,33248.1132875149,33937.418758978,34338.5195561543,35917.7570326171,37416.9722554382,37973.2472481629,32538.5691640828
"BHR","Bahrain",37036.2528728687,38249.1391315648,39039.8972345777,40105.0411441848,40910.717381933,42181.9060430048,42094.5814216923,41932.5835516097,42860.4822233235,44185.3385399123,45400.8527009258,46200.6358641054,47532.8591584055,47847.6152454812,46498.8434018951,46872.9477813149,47377.4983094697,50675.6210184322,51494.4117178119,51101.9770222914,45575.7835718316,44768.9709139461,47709.7780156397,47503.0619389863,47228.1000429956,43755.8556176084
"BGD","Bangladesh",1072.43267805205,1117.4005820648,1163.61727695224,1212.18822440359,1261.3446181521,1331.54842861048,1403.12621854246,1453.26225725918,1523.79747808748,1620.42505311916,1753.87460797871,1901.71670067808,2065.15477333591,2206.51037075368,2309.56363735967,2439.06962718124,2620.83379040874,2937.6287981042,3143.58550275239,3368.05616403141,3555.50525970603,3848.95766369191,4160.70332471531,4547.48001638788,4954.76184812582,5138.65321028685
"BRB","Barbados",10078.5789284835,10627.5884452609,11282.3994233985,11784.2040669881,11944.635696516,12705.1228737181,12630.94303922,12887.8262164847,13368.3499351522,13873.8960912826,14816.1172972448,16098.2105334943,16820.353282898,17190.9462185782,16374.5150748113,16127.8113837512,16304.3824246065,15310.1139268025,15334.8282457896,15175.4956415237,15510.6612056616,15951.9586760888,15789.0411622149,16051.2558119276,16300.422208391,13349.5703762278
"BLR","Belarus",3851.68347772947,4045.62609197246,4606.52243533804,5072.46925512,5344.6582135647,5808.35742587087,6248.21138224153,6709.84550284634,7367.19377907469,8489.48408699124,9642.42979250313,10994.7667382994,12317.4565015173,13885.7467207654,14054.106018462,15360.1478975791,16563.2014078209,18105.2867180444,18994.1901887615,19008.0610153147,18095.6651782737,17785.9431970966,18356.1007741722,19430.2787724315,20094.5258122074,20239.2018200072
"BEL","Belgium",22434.7069001259,22738.4488691093,23732.272246394,24368.9136857593,25440.8411888638,27784.5715041684,28788.0628411374,30282.2886450283,30932.8525095624,32063.0803240468,33177.8909458158,35259.1867115805,36791.2004331501,37883.3319417819,37749.5095365743,39840.0881958103,40942.372710454,42290.7620520019,43671.11959259,44929.685593416,46200.904454307,48597.3999826201,50442.2705419624,52528.1185388814,54269.5140327442,53088.9687981348
"BLZ","Belize",4561.87439010303,4564.07958010805,4638.53291735883,4682.89801898922,4978.75590071533,5558.96822664365,5765.98287471288,5963.26135829195,6467.38049826304,6781.22227577658,6945.2678234197,7306.60713099128,7347.21502657259,7554.68790845639,7438.92310574861,7563.89656837941,7684.82986218843,7272.83658727039,7227.21356304606,7190.08610834646,7235.7101776584,7236.93095940656,7193.63430990345,7436.04610686127,7558.56791733533,6457.63655827566
"BEN","Benin",1471.71348281243,1515.05087727884,1581.94183297317,1614.62755479689,1675.24479478343,1759.72035685933,1837.80533245199,1894.9988812774,1936.88097220494,2015.63776609052,2052.52885319768,2135.26376995317,2258.49268078074,2347.92432443978,2353.63289269548,2364.11963636531,2416.32736232359,2498.4957725647,2669.68821953416,2833.41275279485,2886.82913718973,3004.80780499086,3044.51715620319,3236.670417183,3426.32965445391,3505.42435394004
"BTN","Bhutan",2085.27331279348,2213.30278682262,2329.87652653368,2439.44096823651,2609.77483186744,2696.37839136602,2923.11646372663,3229.50883026657,3480.08417066715,3723.4617282224,4056.15255166907,4412.51005792387,5302.73422031415,5608.4944604718,5972.87056933915,6693.51591287704,7295.85332842291,7912.14464450907,7989.68917892584,8666.45572463658,9500.65071564979,10457.244384538,11142.4746724654,11620.9159001164,12366.526476148,11130.2162290607
"BOL","Bolivia, Plurinational State of",2948.96798214243,3070.71018905109,3215.09304209064,3347.60994402812,3344.22854407412,3437.61642755021,3504.7363793401,3580.81433483703,3677.6399759058,3863.45202084525,4086.37610778823,4335.38171739243,4575.66423712888,4868.44264066933,4986.4579138539,5167.11031871591,5460.25705795265,5921.64890711782,6624.80592182792,7056.82836431613,7133.87314496226,7499.77274089787,8423.69755843668,8863.34916107392,9093.43165872246,8275.49149666446
"BIH","Bosnia and Herzegovina",1142.14294603017,2235.41323073404,3081.08469426658,3603.49238339083,3996.80101014108,4598.15511157158,4791.89579244824,5196.52975386123,5461.78244298326,5949.36093891037,6479.64575355988,7414.01942076698,8196.49631368481,9028.85859514751,9028.63350729932,9348.26456908985,9976.49077413797,10304.0244805857,11016.5504511762,11433.1904283714,12010.7594974624,13072.1830096742,13753.8374426837,14918.4755742994,15711.3947372916,15591.6331077813
"BWA","Botswana",6760.38467008799,7113.36913320501,7661.63533052521,7607.40486555349,8282.31041162849,8461.96702260085,8507.00035088127,9004.94805006357,9431.86518960247,9772.37954062074,10339.5028934892,11311.7552206419,12311.8116601007,13055.4875794492,11912.9166996517,12862.4913329131,13729.859269143,13091.9801216906,14168.0821766891,15702.8727461301,14639.5584289553,16638.5204979364,15948.0320233624,16611.9043872002,17039.2621878762,15458.4826403021
"BRA","Brazil",8085.72289855934,8282.98833758118,8582.06953149375,8575.87545352509,8611.90238580662,9060.78866695732,9260.76838093081,9568.06602729728,9733.77330392262,10445.3471782104,10988.9611484477,11642.4470546838,12549.9309993023,13312.7667574522,13269.1221073249,14299.5551384925,15040.0610864372,15046.2901818178,15588.7261289147,15718.5649500141,14744.1136344695,14256.163385421,14524.6135408174,15020.4382238881,15388.234915991,14835.4149268998
"BRN","Brunei Darussalam",64148.3733184218,65546.7484476954,64190.1631172206,63099.2411459933,64532.5146382727,66439.1367194862,68349.9303844996,70717.7790012773,72755.3211265061,73808.3213789057,75214.167116211,79772.8905497993,81012.9900947598,80036.7459938278,78298.5229939319,80280.0244489225,83935.2257151622,88245.9583498698,83788.5108927602,81371.2308691448,62540.6252209261,56297.2267116989,60994.5315563275,61839.1175656081,64724.1324324328,65612.7020622772
"BGR","Bulgaria",7738.8436379966,6846.98433922176,5750.43943730777,6177.65365376397,5807.81170069875,6421.95913484706,6958.97841729051,7786.4484224601,8416.98366742999,9201.50412778876,10291.4377739545,11408.1180610219,12811.3587714533,14335.7146000831,14181.1546844467,14956.4871777211,15747.0853813627,16327.8726078533,16647.0063974042,17616.913178474,18391.9274727456,20074.3762957132,21469.9454411605,23015.8611225757,24497.6272661983,24564.2636854692
"BFA","Burkina Faso",704.016789633638,774.169949536173,814.789720723018,859.734955268716,910.580353379181,921.939176749921,976.160879295841,1005.42999058038,1072.46713586937,1117.46483140297,1215.57325780426,1291.48579644952,1339.73764860948,1401.95772721559,1411.12752844523,1502.10404736947,1586.57116112236,1619.39942588838,1683.10583320456,1692.30324218467,1713.52013591224,1895.29506603366,2044.38698676758,2168.66221320779,2267.50663763582,2274.01683192965
"BDI","Burundi",555.019815618797,513.698302151897,509.357390733055,534.023852953706,529.283026766492,527.080874650023,537.359461223141,554.944847680609,541.763919368898,565.042746654446,569.274971643531,598.507597533049,615.229559660846,636.332024089182,644.105174174961,663.05448953244,681.971621284674,690.687841656639,740.983221098929,777.041241495558,841.646025860003,796.944083373075,773.572858670972,779.808175667897,783.451983198669,771.163242451307
"KHM","Cambodia",789.484011861279,826.021368350287,850.046996473844,876.438631811553,977.948740884257,1075.4102030522,1164.58064562477,1237.65377684645,1344.62396744375,1499.08623618028,1723.31431659366,1936.88290122022,2159.6246093729,2314.46201172789,2299.38688435977,2427.24450158608,2611.30634889515,2868.73751520968,3045.59096086616,3185.33627228952,3388.7376383038,3675.03861980999,3928.37393363069,4259.20311888739,4574.40302707687,4421.48061058849
"CMR","Cameroon",1719.70644882616,1776.56652181282,1840.96903059972,1899.43516911127,1961.97387521356,2028.82559144813,2106.63429185235,2177.16850000849,2276.83140075992,2436.45533313286,2499.66951977028,2601.50065969807,2711.60981878851,2765.93176436338,2781.28985080513,2816.79742422742,2892.44839355173,2958.69262357735,3129.85863840047,3312.54006384035,3395.62896070874,3527.16537164694,3665.11785084879,3800.97126711913,3901.14195980824,3867.51923959627
"CAN","Canada",25258.8605604948,25258.8605604948,25258.8605604948,26319.6741635104,27841.3533496575,29362.0841609786,30230.8029655917,30963.0530022941,32349.9436608677,33925.7067319515,36327.2286544972,38119.4131958397,39575.3097484091,40376.3068799056,38865.4134577266,40099.4482394377,41666.7076267956,42290.9654102745,44298.5787342765,45753.7505547994,44670.0805385838,46472.3402486315,48317.1745835151,49992.7622757708,49299.21177121,46572.1374328364
"CPV","Cape Verde",1747.1956456787,1934.75764195207,2141.13862103331,2387.45416122879,2642.84007734944,3032.19718269795,3113.16097707704,3273.95008970364,3420.20063315025,3813.68919727303,4146.06695277215,4552.22942052653,5316.85498281318,5711.2759169575,5613.7465582812,5692.54910540752,5966.84799990471,5818.90305855813,5792.91983252115,5748.09623755065,5994.40710298456,6322.91323439408,6643.17989182913,7028.99309072646,7475.12251980896,6376.64235225228
"CAF","Central African Republic",655.478003865365,624.204956216318,652.435841337507,674.282029515057,692.203698323647,674.440851650532,704.222542934992,725.61483382938,684.955920314678,730.746977650051,745.573232390044,789.209642056639,831.608980433439,849.941050174164,916.187705564127,958.921104128334,1012.65740130414,1102.02752561172,738.474892262448,720.324109649209,787.012906484635,851.072671306351,912.803045335037,955.513744292128,985.112041352215,987.644512608383
"TCD","Chad",738.261042273502,742.905780658187,772.053296977481,806.37083985593,783.830536457343,765.583256899893,841.131895065803,891.92272257169,1002.79535771602,1325.09610042437,1545.73941230712,1547.58505903577,1586.39517827262,1612.14549869414,1637.80434115976,1819.69507191267,1797.74979651577,1730.79396361338,1569.05870411625,1677.0903310444,1820.0599087617,1664.51258599391,1587.03232784726,1614.16828691983,1646.42839054023,1602.35842405352
"CHL","Chile",7340.24887490611,7998.9475890838,8623.71876309557,8981.59184094406,8959.91907579782,9538.07527842726,9962.27424960842,10319.9453639356,10839.9597259037,11810.2433203001,12746.5896892724,15753.960100542,16941.829833598,16501.8098843876,16159.6071479987,18161.809244628,20342.5614772748,21507.6925702008,22439.2732478546,22786.6427713304,22698.5456555447,23437.5925260305,24470.7036237008,25714.1394249978,25395.4977729202,25110.1595407625
"CHN","China",1861.38829441591,2061.82428516269,2269.2014013591,2451.15280360163,2653.97362585327,2920.56079076815,3210.00939572914,3534.84912978684,3937.31287532441,4425.87419106099,5053.94579810189,5836.57343667871,6810.60390010026,7574.22445504338,8307.84951896429,9253.76518771214,10292.9404780675,11168.6972979775,11872.4973811617,12480.3385303781,12897.5022868592,13483.3772665319,14243.5326108491,15497.3599948376,16653.338843518,17210.7648899624
"COL","Colombia",6397.80664582717,6531.43469155337,6758.27056919241,6758.52574907649,6460.90682665561,6690.37375083775,6843.73903680457,7018.08201847342,7319.54321218707,7806.05050932725,8324.75468840448,9035.56563955056,9781.97040788477,10179.2448415524,10258.9708392748,10731.645914959,11604.102283016,12018.6512847411,12727.764931531,13307.4245015783,13265.7972569151,13812.0960563446,14171.3205005648,15044.0553365323,15688.6333779317,14931.0468506417
"COM","Comoros",1609.20803280688,1573.70671221599,1622.15080355529,1618.1620589992,1630.49703427557,1801.76413418643,1838.35545633933,1865.26716452511,1894.19995695565,1936.00679812712,2004.64086829639,2069.87974361153,2091.74198352579,2165.07542529474,2197.80866358571,2252.87770644599,2337.02761944511,2511.50597918595,2636.47297637723,2716.82752451541,2709.56253991486,2863.85204380798,3032.26213308112,3146.90174765251,3188.1754621661,3153.13132864823
"COG","Congo",3488.56178632378,3600.74436203108,3538.74488510838,3606.21467879067,3462.03062975465,3699.22840624596,3813.74770850913,3938.43223058317,3929.60019058186,4052.51320216562,4363.25091354379,4695.68828973156,4350.75200478212,4555.98509014028,4959.39624417032,5349.82956075429,5428.24153532541,6335.78575193988,6069.00098516396,5931.1339160899,4639.74451767185,3839.96160000024,4234.65988322969,4022.74881361541,3987.49015807688,3622.31719971339
"COD","Congo, the Democratic Republic o",568.970871553612,557.620819710138,522.6318231139,508.073564625148,481.907230503917,447.082160419758,435.076432921769,441.820273107902,460.770125695347,489.420095076424,518.840324513769,545.151387440003,575.749076420598,603.287907483324,604.844173462366,633.913133471598,668.940881028426,669.567442630972,753.485168060936,849.760818562134,905.45059935323,963.66927221216,1059.81076228861,1111.9657900707,1144.38102852206,1141.81913252064
"CRI","Costa Rica",6498.76876156747,6546.78537307213,6865.12040575859,7273.0219841163,7527.64789973075,7838.4399168426,8142.67203460157,8414.65774949844,8805.39497374121,9305.99188360408,9836.96227015174,10727.2032806153,11760.0655163335,12392.2856767078,12219.9404904944,12863.8495103757,13545.9317746231,14321.5183732954,15005.9193570501,16067.3307687659,17090.796576083,19075.0044670019,20347.0347715873,21319.0439930828,22511.300668619,22132.4694702624
"CIV","Cote d'Ivoire",2808.30587952194,2983.00123881239,3226.87587633343,3302.21768557448,3295.30686656077,3273.82866717885,3196.19244473659,3088.7238462639,2934.71765054852,3045.53566172633,3105.32367160543,3219.15055011122,3269.45713696621,3415.09339388131,3484.50843196153,3679.6009110919,3470.92983406896,3558.63106764748,3867.32387620621,4319.57865464426,4652.88961920098,4726.98073995015,4830.75051522678,5154.33170207433,5432.99260799494,5465.51454383176
"HRV","Croatia",8075.77969012893,8827.54124180988,9558.5388097749,9910.37288775229,9960.33853072506,10683.6035193701,11655.644078154,12769.7752890383,13682.122115102,14675.2614480684,15436.6444120023,17595.7572055905,19493.2350774676,20921.5405553163,20149.5095665253,19967.213732615,21014.7388041606,21397.4867786553,22081.0977857438,22325.0765880566,23301.2728639377,25210.9829651516,27154.0846858541,28877.2382842567,30543.996342705,28780.2145408938
"CUB","Cuba",,,,,,,,,,,,,,,,,,,,,,,,,,
"CYP","Cyprus",17087.0455549047,17314.8723806456,17780.684444518,18758.6969158051,19662.714224745,21288.5098267129,22861.8854833861,23556.4086128116,24279.6775935031,25944.854103442,27763.1536288336,30015.4141242199,32881.5458154318,34830.2361796726,33884.8799401104,33423.5009757311,33313.5766982193,31834.5182131095,30375.09107743,30080.2301574798,31815.2740406778,35719.1905721204,38287.9691989983,40559.0787908584,42339.0200489255,39373.4106830248
"CZE","Czech Republic",13852.1499044007,14685.6935317916,14824.6595234413,14977.7220609734,15396.3117820518,16235.4806329245,17621.0541268449,18252.5727653685,19538.0704015253,20932.0784185044,22095.3878539836,23923.7038826992,26282.375491299,27974.487131849,27761.5091540229,27881.9679972276,29001.3680365492,29254.7312685144,30818.1081558477,32502.4753540118,33899.2865661657,36097.7052556977,38824.8879170919,41135.4929835656,42847.0047376207,41608.0253519702
"DNK","Denmark",22684.2526714422,23734.8315577158,24928.4029270327,25814.0591230284,26653.8239044055,28658.1249551454,29437.3103446499,30640.3456230968,30820.3892235438,32938.692099664,34150.1594558945,37334.3901608479,39006.2023239418,41278.3268270571,40331.4068810678,43003.0545921155,44403.3848413929,44803.9682421214,46726.8541437832,47901.4473627066,49045.3391904109,51976.0057060956,55356.680780178,57482.9623999067,58700.9746656312,60229.9147703017
"DJI","Djibouti",4103.94120366257,4103.94120366257,4103.94120366257,4103.94120366257,4103.94120366257,4103.94120366257,4103.94120366257,4103.94120366257,4103.94120366257,4103.94120366257,4103.94120366257,4103.94120366257,4103.94120366257,4103.94120366257,4103.94120366257,4103.94120366257,4103.94120366257,4103.94120366257,4103.94120366257,4289.03424993655,4574.44985165724,4692.55068910026,4885.20503911992,5339.26107514241,5768.83108992215,5781.76292104254
"DMA","Dominica",5229.00845943356,5503.3533115728,5751.84724577107,6071.29279551137,6212.18036708086,6516.29143017317,6652.96393727246,6551.18517229743,7070.25843973391,7451.80800128178,7713.17410884693,8300.62876800022,9054.99374766821,9884.01154811376,9840.2388784557,10017.7618724744,10199.1242353027,9946.83026464519,10145.9193773568,10909.3766283126,11141.2010963286,11949.5340594635,11304.0433278877,11804.345863069,12892.0210996239,10853.2283538083
"DOM","Dominican Republic",4934.24445602333,5235.5440725326,5708.18806401178,6062.52134609187,6414.73934955343,6760.12887876537,6973.54280520399,7295.05736783111,7226.72128148795,7506.73376097639,8356.00840221911,9274.89754992466,10098.6989654173,10491.6151457835,10539.3989175546,11410.3534599665,11869.1230948161,11900.4850051553,12482.1621152034,13475.0111677589,14740.8268674233,16109.8636711409,16735.3644228294,18137.0523994947,19191.5803869457,17935.6560682971
"ECU","Ecuador",5633.4608933139,5712.30054649025,5940.06615116382,6077.54063035609,5758.07590573662,5838.9025248881,6094.3518297918,6332.18587423771,6513.29940403056,7117.17066810899,7598.9506417776,8037.88613710275,8294.64314944288,8845.55389092678,8818.67952261285,9090.31005023095,9857.52052282788,10311.4045972003,11153.6852119041,11713.1759081751,11060.2862685275,11034.26917908,11617.9122190573,11839.3432355586,11851.4654079335,10895.7721826617
"EGY","Egypt",4461.84539725326,4675.13316125631,4920.25443768011,5149.25902611649,5431.88583058427,5794.12525654866,6015.09573582915,6139.67898913655,6334.5712788004,6648.42901856206,7033.91892170753,7606.75573398818,8219.48274929236,8820.71650563293,9131.49909819552,9522.50916306002,9686.0462638774,11092.7432596071,11221.3803859221,10895.9431672625,11512.4021442637,11192.3730101321,11014.4864791744,11639.2390898864,12260.7205373863,12607.0039529995
"SLV","El Salvador",3898.03073900632,3958.47283228388,4114.94528757089,4233.70193010349,4352.34872052089,4466.89622730258,4574.67101474036,4692.30731825899,4828.40190238636,4977.80679954569,5247.31155659359,5615.68672543057,5848.36915211128,6063.1485118757,5956.67744591121,6126.97339476277,6465.8084892608,6541.21616386338,6877.14637566515,7233.1952211983,7597.68917351694,8038.62979428837,8454.05216690571,8822.5507744192,9147.26106629205,8420.48620512522
"GNQ","Equatorial Guinea",1263.42658818172,2063.89673121455,5049.63677286571,6071.11552128622,7429.80526624845,8617.7350665838,13808.0231851848,16076.1818922544,17891.3194541957,24283.6950092741,27963.363619494,29646.2863921709,33506.4476563378,38407.9243001727,37447.9232203122,32965.864655974,34279.977000164,37570.6353966964,34766.0438762572,33696.2164869995,24042.3530728913,20458.778595283,22550.958161123,20875.478210598,19285.0362474418,17940.5207903315
"ERI","Eritrea",1258.1221544904,1404.72365640027,1543.82033168704,1580.77081522997,1581.6082988375,1528.58365866223,1639.99834733719,1642.45989228575,1553.45551980097,1547.72245393989,1575.14228517438,1556.66015549904,1578.902664939,1420.73827020827,1459.83008378832,1485.19749586246,1625.50767298855,1625.50767298855,1625.50767298855,1625.50767298855,1625.50767298855,1625.50767298855,1625.50767298855,1625.50767298855,1625.50767298855,1625.50767298855
"EST","Estonia",6476.32772150478,6889.81006053367,7979.37772588548,8450.57759846529,8412.06677647343,9421.29142254113,10314.2628230149,11663.2715046648,13132.5807216854,14536.3474111754,16634.8927393745,19345.3147116353,22195.1975941957,22802.3421764634,20477.8524315004,21619.4545478307,24557.2361475947,25996.0467779508,27464.5186781161,28945.4653303277,29175.9259267894,31312.7522996878,33821.93290847,36249.3581462876,37851.3007726135,37645.2213607112
"ETH","Ethiopia",412.961295498846,458.039059871862,466.471079510767,442.219479027356,458.305593695785,482.884385700578,519.271669909084,520.339286837525,503.972469824918,571.403661559689,640.658143594136,711.587039630853,792.35361271386,870.715266913154,928.62556339917,1028.32375916808,1134.78450923447,1213.59597169934,1283.57044925133,1513.70323628954,1657.34470426365,1878.81268193814,2021.56290796009,2154.02087685878,2315.34773012818,2422.8120855231
"FJI","Fiji",5057.03316187587,5335.15377846353,5255.16072530184,5333.52674130282,5841.72997338111,5836.70323240337,6062.25449769842,6344.80659829273,6520.69538201286,7035.74951726276,7272.41971049843,7573.56300502875,7634.16881846066,7777.73869404715,7653.44494047449,7914.10092561106,8263.04546194271,8839.51586223556,9536.32634910738,11346.9457863033,12412.3506858719,12631.9122008691,13429.3006222384,14178.5633985018,14262.9995440375,12078.843228545
"FIN","Finland",19576.5681238016,20082.3382341327,21794.4866492782,23576.9460340082,24767.280673451,26784.7064716385,27795.6749302444,28605.1223159604,29051.48643326,31201.734943443,32051.7940038456,34455.1053330327,37838.3401920009,40083.6972699668,37972.270046867,38956.4722165393,40916.8385790274,40873.0953326066,41493.1416470359,41757.4021894413,42497.7049785783,44934.4482077785,47570.133583848,49580.6051952837,50321.5396907229,50517.027362262
"FRA","France",20766.7016373766,21352.8819915166,22243.734348473,23359.4487258962,24307.5028056354,26090.6344736521,27490.0517282233,28523.8861886505,28172.6956506635,29060.4509858357,30498.5768807102,32468.5415789063,34121.3438805071,35095.2656832956,34678.0623193739,35902.9031102393,37440.6334729758,37679.1189105924,39523.8551519345,40144.0268283679,40849.9973780501,42924.613626021,44577.0645745394,46576.6018489382,49072.3638300842,46991.1820282957
"GAB","Gabon",14240.382842491,14648.8353520846,15374.2630286529,15692.9970899439,14146.9415796728,13852.3502868003,14117.6989406454,13968.8225732337,14199.3111976553,14315.1090497268,14755.3704074531,14366.1874865316,15187.9208196455,14517.8476438716,14177.1735316114,14837.0170141476,15638.7471684984,15356.2354244887,15114.3775115057,15370.9679935145,14699.5360478349,14286.1897045921,15006.8440374987,15097.6916533021,15577.9187568638,15106.3663756107
"GMB","Gambia",1649.8828348456,1665.05345221885,1723.92259932013,1749.54395404232,1830.73347312239,1913.77573032594,2004.7378453993,1908.25810730943,2011.81075527716,2142.75816430151,2091.54609446881,2078.64229154324,2134.51896463704,2244.4966090246,2341.67944907236,2434.88717523517,2215.75710377647,2199.77775031536,2121.48963271537,2027.03635591229,2066.85935860117,2068.74780128011,2072.64683284207,2209.89259276595,2319.00114098602,2275.05625030963
"GEO","Georgia",1883.17962314604,2211.25756292787,2568.64333036437,2745.29680458997,2924.39145540716,3104.51566879805,3377.05112661188,3650.85722618158,4157.87940249166,4545.29312196367,5169.06242530316,5860.35839090633,6810.19084575205,7132.20527273598,6986.00455062308,7564.06307018208,8360.29720703065,9826.05275341086,10611.7741169939,11575.547210705,12089.1694050447,12858.4834001898,13589.7073915159,14595.6306437119,15623.1529588881,14732.402156014
"DEU","Germany",23552.2533168405,24071.8978026703,24572.6884223156,25345.0644636765,26291.2110793898,27199.0440906856,28368.543282612,29178.6374658122,29908.1395291325,31333.8363031281,31794.0960095207,34160.3449318802,36287.4822419008,37802.3874303197,36815.8440540696,38952.6946021004,42541.5310884096,43359.6148271723,44993.8927459315,47011.5510935131,47609.7810045816,50579.6839299266,53071.4555699913,55235.366304833,55652.8874913932,54844.5459733622
"GHA","Ghana",1494.63888508718,1551.17016078577,1604.15012184818,1656.98810178837,1712.40852187171,1771.53655479376,1837.24933729614,1903.1467390689,1989.76621591995,2104.81052490528,2241.28661214251,2394.92984801893,2500.80421792671,2711.87535105244,2792.96783421253,2973.83342186826,3379.48459855514,3781.86552893947,5294.82002761066,5568.23595709396,5206.02887134007,4992.73033905348,5115.90675022862,5442.8721471509,5774.3338132172,5744.43234431768
"GRC","Greece",15424.4720857554,16145.4479061179,17155.9351926701,18033.7959681705,18464.7320754725,19516.1972208894,20954.7818531943,22615.9356074635,23896.6057015271,25460.4527360606,25577.5241052346,28549.1517418687,29320.264816923,30856.0118395987,30359.1494613318,27913.0891911748,25671.5160853562,24911.119631324,25986.6503155014,26625.0618096799,26760.3633030256,27511.8010160972,28604.8609402657,29617.5483399732,30356.2663953863,27948.6497284227
"GRD","Grenada",5244.90570914417,5538.3846521528,5887.29009210596,6623.56626671992,7154.24188110339,7641.24942559965,7620.79834623061,7976.99384901288,8862.70977596244,9012.66264799437,10495.8283551972,10353.7204895313,11256.6055061126,11554.1986443002,10838.4291881372,10863.4810030685,11116.7478882167,11163.8153053984,11887.3578830457,13042.0556249047,14151.9010690754,15025.683836939,16217.4998498411,17231.5122297741,17580.9007123125,15283.2515158591
"GTM","Guatemala",4067.30334167488,4163.04130508954,4319.34783733149,4479.02509576865,4608.00275074067,4763.6604208456,4863.44667679621,5013.51161965312,5124.38873294152,5313.30678615953,5541.98033488998,5894.58435338262,6310.61154582917,6518.38840007268,6476.42568562952,6618.19053228711,6910.87650155221,7204.73293807874,7446.58800936721,7758.49316980639,8194.44068126819,8221.74642722194,8322.21680991504,8665.34726097301,9019.25606239135,8853.67002080879
"GIN","Guinea",1053.57496258143,1091.57933100861,1138.42691550209,1163.03174904395,1195.30317637254,1224.34093577932,1269.79611452288,1329.79939924299,1345.23912204815,1386.43959589011,1442.75764774239,1472.13032304565,1578.98272513826,1638.24924149847,1595.24056141792,1653.71943629807,1743.94910921465,1795.44780781654,1811.33251750093,1804.54328262549,1819.36234274976,2078.64100321761,2417.80379491483,2559.72476578084,2675.59369518887,2817.32238032662
"GNB","Guinea-Bissau",1195.9021674086,1332.16561477257,1416.49336414429,1010.41240765794,1015.48991191262,1072.50981869902,1096.47704783482,1078.8038541593,1080.2477096133,1113.75747338842,1169.45304070807,1203.45094585613,1245.39779136994,1278.24675129574,1298.20126740959,1338.98104821401,1439.28343467148,1355.31356354669,1364.38360971298,1378.23754028997,1597.20425429364,1746.75274593369,1925.23773659951,1947.59676042334,2021.30194281608,1948.80234318136
"GUY","Guyana",4741.0964139018,5215.39392259257,5657.77983063355,5656.71192022233,5940.57674242981,6014.27843077742,6299.05574417585,6474.78832851104,6550.23130364102,6826.28668762988,6897.71965252718,7469.20050496154,8219.83673713825,8510.44840898141,8896.99490447837,9319.39241925339,9987.42142760934,10479.7780774689,11023.2296762194,10951.7932372614,11198.3011463181,11296.7699725276,12005.4051046745,12777.1649920039,13635.4261279368,19704.5815079443
"HTI","Haiti",1943.01477846389,2023.21316341663,2077.32186217918,2108.7352530973,2159.02336891696,2188.41921435036,2191.2138063361,2211.94273959824,2293.20810098618,2286.15830483806,2390.63063270089,2466.44105099971,2609.8518414406,2688.51644729548,2824.23566975369,2654.6874953426,2805.72729497687,2762.4402754772,2952.30387694134,2965.47903286886,2898.6246609269,3084.03383445855,3153.29938869996,3241.30326869021,3203.30003894468,3095.19406239663
"HND","Honduras",2335.12768886081,2354.00186924924,2435.42668225385,2479.60702296044,2427.92063851877,2591.33182006218,2648.81186176896,2720.27367721583,2824.6066131014,3006.69595514001,3210.34858637193,3443.77085935893,3671.33194421853,3816.83524756931,3674.23095544369,3778.4619238786,3928.26853820829,4032.58085606675,4142.23845579365,4452.5879909675,4823.39539552507,5147.2451332568,5561.99454219124,5816.74732402308,5978.76439909738,5420.23423361351
"HUN","Hungary",9187.36459662996,9349.70749876187,9824.84080482495,10398.1021708865,10873.2478627727,11853.1785173624,13207.9221677974,14526.3882629125,15481.3201097675,16272.0058268918,17112.2021738707,18389.4102769846,19099.8517148115,20727.8899694383,20729.783927124,21751.8338392809,23038.8080197669,23275.2318574574,24556.7153473909,25699.7504973846,26806.5952452257,27947.6376911698,29501.1204204706,31913.0746552476,33514.9417935891,33075.924417477
"ISL","Iceland",23941.9321446346,24768.9092727485,26873.0547977518,28721.114149937,29557.5418268846,29779.0931996058,31876.0270631376,32607.1058796568,32699.2417213139,35616.2006730045,37322.7399272793,39700.3293648154,41463.4255441211,43728.1140564123,41864.1882622629,39775.2970758147,40936.867830513,42004.4476110597,44409.6689530904,45996.9687476901,49201.0640964553,53480.3971946764,55638.4920591796,57211.3003077603,58290.0968315122,53616.6847084842
"IND","India",1573.33256175916,1690.74477516305,1757.51471524373,1852.81042254699,2009.21569230667,2095.64700617136,2206.44816483846,2287.63002432831,2472.10373642451,2695.89367354208,2953.10925891283,3237.29479935858,3525.31445360065,3650.94294321966,3912.41821142619,4236.74434794867,4493.6694656757,4861.15615236202,5057.23341374821,5233.88234251319,5464.85917800941,5839.86481675337,6182.92210857444,6675.36129410783,6997.86398824082,6503.94805437188
"IDN","Indonesia",4519.46238178211,4888.37453243682,5134.50798942187,4447.17430201592,4484.06918906192,4743.94471656535,4956.36110518706,5190.36506184994,5465.26410319843,5816.18175310762,6254.61438201153,6708.57559394908,7229.53828174622,7710.66630411965,8021.7480651122,8505.74814801885,9095.74172295514,9713.90048730631,10067.465744305,10278.1773057998,10247.2063381531,10494.4738000481,10935.6317158256,11644.7585390353,12311.5032732923,12072.7354777743
"IRN","Iran, Islamic Republic of",8772.38029842041,9268.694055334,9355.09278272662,9539.82703218472,9643.03351169398,10300.5318563984,10484.4093180667,11284.4301742386,12341.6113436569,13070.5594888626,13745.9204152237,14702.9592970904,16150.3345044379,16326.3227349257,16433.260155174,17388.8956144627,18008.8017990523,15950.1005222497,15273.8423174397,15235.7016903585,13588.4688130805,14011.5497101713,14535.8735778483,13795.3174673184,12913.1628381469,13338.013482917
"IRQ","Iraq",4753.77756083702,5210.43676410982,6233.09095304294,8241.01114121753,9533.39382066481,11058.4674567677,11162.5268014724,10107.2853122182,6339.83580001657,9731.94000223657,9972.2761727672,10646.219957566,10953.5285487172,11883.3682503173,12127.6264613821,12717.0171365756,13515.5459272349,15163.3501421971,15535.345982143,13888.076375953,9763.90409031016,9428.60662077185,10526.3709148753,10809.4724101413,11398.043737084,9506.7253259031
"IRL","Ireland",18934.281280962,20475.4614771524,22636.2701781348,25092.5136109768,27041.3474221597,30205.6572262763,32567.2821672353,35222.028724352,36283.1208415968,38733.3496935931,40466.2343515711,44232.3730467878,46773.4866018105,44169.0943411644,41471.0799783739,43203.1200753797,45080.1886960425,46361.463694173,47830.6308878373,51098.2666828245,69028.7727189836,71498.6010072841,77749.2019569363,84555.6348017403,87379.6929656668,93350.0875336544
"ISR","Israel",19758.8595215053,20782.169618237,21427.9798778242,22068.2993473612,22595.5034120383,24951.2175653146,24944.6317328443,25230.0115735794,23845.3129228722,25238.8807780848,24853.777869328,25700.938363473,27513.1431348785,27510.0398505497,27461.8619824006,28840.0453543033,30636.3523794417,31846.3558349163,34324.3781471447,34366.1810180223,35469.9501969785,37843.1946259033,39121.2958325461,39906.1246843388,40004.0305112173,39489.2807769984
"ITA","Italy",22382.8979621765,23052.6189508502,23875.8385110015,25021.0652943145,25602.3894720393,27072.4213631819,28033.7358660572,28736.5771073504,29196.9278993071,29554.6890881879,30130.6444569128,32453.5837076357,34141.2007728064,35523.2713104342,34602.8969588528,35158.4418435321,36598.0149693024,36486.2967870302,36314.6971007775,36194.873918843,36899.3852092463,39926.9546628592,41581.120790548,43036.2437770367,44334.2003275855,41902.077191264
"JAM","Jamaica",6231.26649116811,6276.39659630335,6253.97090593028,6117.62026963529,6214.26667219913,6355.8472555378,6533.37375669328,6723.67797400257,7056.14797251069,7300.05846676836,7553.20140626909,7965.47713872543,8255.17353330254,8306.50486208059,7966.13079910865,7900.19947850272,8159.87616499912,8187.19367364946,8442.98366743102,8545.10283669967,8792.05695694686,9194.15673929581,9600.10474580389,9968.59449282081,10190.4746507783,9241.57560380365
"JPN","Japan",23859.0660539005,25000.533923594,25620.0681023794,25509.899595486,25735.9710911517,27287.2701912718,27942.346651133,28623.5884479367,29392.2489916186,30830.6584466434,32169.867493646,33634.6317066787,35015.9865745127,35273.791152156,33547.2834245767,35335.3735103814,36214.4397740241,37605.9742614539,39402.0250988025,39555.4120089198,40898.80697396,40623.0186579214,41505.0824777862,42202.4011166689,42616.5711388733,42390.3798412236
"JOR","Jordan",5206.74291402267,5248.03933486246,5386.94148836244,5503.33476334334,5671.32956699066,5937.2120557616,6271.09480683764,6611.77107475455,6864.40892478109,7452.61881488401,8043.57046247319,8619.9057615028,9171.45117681501,9565.49434635629,9628.06041278083,9460.29137317501,9402.61620431877,9189.18921425581,9322.30245386442,9181.04637245796,9464.68224216374,9445.91686299562,10003.5749827297,10253.8174501169,10497.2979196497,10355.0085715537
"KAZ","Kazakhstan",5921.1203137525,6152.266221895,6470.00269555572,6530.41311634226,6868.85943069398,7733.78944277979,8985.65550061219,10021.8969616521,11119.8870659711,12428.8368274929,13934.7211410695,15725.3455018466,17384.9245216253,17968.236337141,17962.8301156342,19225.0769114856,20779.4442514491,22032.1745436853,24504.7660856694,24726.4728671586,23224.1178353573,23818.8248260141,24862.9661245889,26157.6596496269,27466.2206186576,26754.3769971308
"KEN","Kenya",1741.90713267979,1794.29694345002,1783.51387707626,1811.51798628242,1828.75680176707,1829.90549594178,1888.50060259228,1877.24776077419,1915.56864799582,2012.05347434018,2137.90313421487,2281.36970575576,2434.79231785387,2420.01464325445,2450.74977904484,2607.14450931565,2723.54644927835,2830.69437284951,3097.63062683564,3357.64164087167,3683.04191069911,3930.893857889,4203.58501078548,4443.17910861396,4641.08037691904,4577.90522002939
"KIR","Kiribati",1372.13106635,1399.54261556908,1425.12067331753,1509.86718272264,1482.45527204156,1582.92316853208,1567.13680452357,1624.51399501952,1658.77443549094,1644.97729239503,1745.09307498391,1758.50162056993,1800.68523620503,1756.75297072952,1746.02732699352,1716.01467883602,1749.11800448005,1838.1892842938,1921.67690185163,1916.91658718487,2106.86679964265,2206.48775955052,2235.70735994823,2341.19232850631,2439.36493007912,2383.43484715801
"PRK","Korea, Democratic People's Repub",,,,,,,,,,,,,,,,,,,,,,,,,,
"KOR","Korea, Republic of",13502.5827420794,14694.0962445008,15721.7056576921,14974.6595747118,16807.1294764195,18538.8355325592,19724.4259457229,21396.8377455369,22095.870826347,23773.8286536781,25186.8675668092,26884.2673283358,29064.9180846867,29946.0774891302,29508.3815060615,31736.6284370925,32546.7536531234,33557.1287196434,34244.3121393117,35324.4976704773,37902.4004037578,39575.4542830031,40957.4180587145,43044.2917633371,42998.3882447659,45225.8445435145
"KWT","Kuwait",59892.8802531886,60568.3759184439,60095.5505991776,58839.2643637288,55000.8927669212,56179.2950242883,55943.358109176,57617.5352981834,68071.0486418975,75700.701887299,83689.2693299015,88660.5211134062,91473.2067021071,90096.4356867852,79424.3808368516,73965.9706064094,78178.220365833,82680.4059382088,78058.3800591345,70082.4628390641,47230.6601329032,44685.4974338707,50855.5529145289,51690.5689570475,51962.0477631393,47306.9881675717
"KGZ","Kyrgyzstan",1401.70127999045,1506.03136464377,1660.56193944671,1688.77665594688,1749.59437929213,1863.73918996644,1987.03171156194,1999.67267333691,2157.26538583233,2342.49274373412,2384.17802618996,2505.46516840785,2766.05448201973,3027.86302353124,3101.33692808776,3085.65193549234,3297.36683733653,3618.14972576533,4042.89305300409,4281.82407398556,4214.82950886186,4681.17473284248,5046.69153549095,5256.39792245424,5480.7426980282,4973.56130899174
"LAO","Lao People's Democratic Republic",1372.39519412756,1462.74448714118,1559.98961633765,1610.07718805808,1722.28349102193,1831.9688178722,1948.39496562125,2064.43069287024,2196.99165097596,2363.31882940603,2569.53695938615,2829.04196752427,3073.74230404589,3321.90977582414,3538.64849919854,3822.62530696679,4150.82613441104,4841.6453151231,5289.47800666765,5873.74929676345,6168.48130240193,6843.55958300796,7257.81210698745,7775.13187646145,8220.1788729593,8239.16654654795
"LVA","Latvia",5514.66596281993,5807.34058917772,6487.46600433201,7068.19507184561,7405.84797519522,8039.50636620464,9044.54639240756,10081.1918636281,11060.9427198934,12278.5848367366,13913.7883003324,15859.3153882025,18236.6092064703,19573.1553855671,17023.7549183562,17706.894512358,19248.419400173,21290.4595879,22639.0683375842,23815.8000623115,24972.7860869932,26721.7261996962,28673.5633962664,30877.0419264807,31883.2591148032,31482.6797134892
"LBN","Lebanon",7631.27042702718,8450.94490154268,8579.32308046201,8908.47536175451,8859.4762640352,8952.11692721899,9146.92721256844,9170.33142067268,9189.06503845454,9667.99948282453,9955.02055625405,10281.7257712846,11522.563002592,12819.0111640016,14095.5675986609,14961.734925357,14669.4158186121,14819.5910065295,14976.7807369919,15029.2750434859,15105.9569116377,15535.5046481724,16043.0606967963,16054.3624558892,15179.5802077558,12118.5733563565
"LSO","Lesotho",1066.13829471383,1125.26724217896,1167.43386802617,1181.04159790182,1190.56037499073,1256.21619985023,1327.57742729526,1362.29025889422,1459.11030722048,1533.17180210684,1643.78795997605,1770.65411624528,1897.23119034139,2040.72878279478,2027.40340076815,2153.15499407616,2290.12869540648,2308.92903476102,2563.06835117203,2804.17866694461,3077.39783427095,2990.28370292122,2668.29142526247,2677.43631433685,2693.19837267117,2444.07826745447
"LBR","Liberia",993.403659135788,993.403659135788,993.403659135788,993.403659135788,993.403659135788,993.403659135788,1007.52974970358,1037.12222982553,725.385427162219,750.144320446725,793.494672404154,853.792032369622,923.515010034857,967.94573927535,987.008157068945,1022.05648409605,1093.5403199434,1204.51655551205,1387.42164069362,1417.82928617835,1312.46276613004,1429.79208229377,1564.19768164013,1581.03948488783,1531.92018587052,1468.35857818057
"LBY","Libyan Arab Jamahiriya",17287.2094925103,17287.2094925103,17287.2094925103,17287.2094925103,17287.2094925103,18043.5693183783,17830.2270421967,17653.6789022732,19998.5860744017,21116.5771082048,23987.5462296911,25925.3661924822,27896.3033844386,28792.910311347,28430.0841718262,29895.200306028,11482.1006621486,24285.2962607423,19869.1392687734,14303.0129938786,12220.0234015984,11108.7236834015,13238.0005389502,15378.5727636163,15815.8769077968,10846.2915401691
"LIE","Liechtenstein",,,,,,,,,,,,,,,,,,,,,,,,,,
"LTU","Lithuania",5927.33017801441,6383.80305888035,7069.56232428404,7762.53790844567,7820.71797164568,8445.89921321294,9436.05410916216,10480.7210077901,12067.6741095107,13030.3604109567,14510.5300945386,16483.8503582706,19094.640961399,20721.0131961211,18116.7302641547,20096.7360969805,22884.8249519631,24703.6858202502,26721.5796712844,28184.4723303858,28834.4276801135,30925.1708493589,33761.871239796,36376.1898152469,38540.7814542339,38880.5452693822
"LUX","Luxembourg",38325.315448422,39710.3938903918,42485.5935637368,44267.4522673968,49844.6769627976,55117.2564793938,56125.2294489236,58575.6792717544,60196.5435069655,64692.5970672682,68787.8547494266,78878.4577485144,85109.8794476383,90970.7211980147,86875.8537667967,90361.783087755,94475.0302265023,96636.426643956,100925.011992241,105296.284588232,107859.685999308,113365.176082265,114985.842235989,116965.586110774,117341.915064354,117846.13649183
"MKD","Macedonia",4946.48073912063,5080.90582911763,5226.71819699558,5448.07386903412,5724.47004032761,6151.79686575444,6049.91561735376,6395.22634785465,6595.4519699919,7172.00498731467,7848.88296708719,8690.23692593986,9350.90777909298,10521.8967333656,11009.9915852452,11361.0093874551,11689.9057671613,11915.6898657268,12727.3364143546,13434.8432361896,13888.2953901276,15137.9958260844,15706.4441718656,16796.2702317993,17546.4797159827,16925.5150547437
"MDG","Madagascar",1158.55258341048,1168.13913028709,1194.69017516663,1216.38344425988,1251.88379447959,1295.84769028038,1360.81804647752,1174.40836053475,1274.20005727529,1336.76551621615,1401.93022091848,1478.50289452799,1559.22791109797,1648.50371739881,1550.57801091411,1534.89112152889,1548.32741597957,1530.9340896198,1535.48843476948,1555.82248042838,1546.83722027581,1606.66740538551,1584.4245185911,1630.18935661644,1687.06922724222,1544.16032907301
"MWI","Malawi",830.721851530839,891.670623688794,919.815522130884,940.076521628362,955.323239814569,965.872951048682,914.713240954178,922.255371141584,969.271613218135,1023.58983881031,1061.99455726456,1114.85175571915,1220.0820087804,1301.18411473162,1380.05580229209,1449.88396694258,1508.19213217463,1467.13818103389,1572.83347157144,1530.93075354758,1445.73511225774,1454.3589410317,1472.14686847702,1532.66847458818,1602.14678205936,1591.60540095373
"MYS","Malaysia",10642.1074702483,11620.331451612,12373.3166394774,11302.4638397748,11875.8112949594,12913.1749194477,12976.6757909642,13606.0510296712,14369.8270420309,15450.0485640401,16454.2153771604,17549.6029455376,18784.4843116974,19695.079208937,19193.1918612103,20508.7575347559,21704.7442727685,22985.8016562374,23477.9911663813,24607.6687337619,24801.8884320151,25546.1295181653,26661.5074160333,28239.5000837184,29623.4051587405,27923.6876774494
"MDV","Maldives",6174.43229768463,6649.87679798156,7207.68837563495,7700.56319625192,8140.21773796668,8460.55196629499,8104.62618559633,8594.78380590605,9678.61476132894,10248.2502404748,8940.54434892845,11336.5738366033,12251.6573568451,13345.1670673242,12123.856562913,12712.3432126961,13542.9986741713,13690.7351991166,14774.1856353898,15993.0586879357,16768.7341787765,17411.3472516639,18057.9109233313,19245.0813901631,20335.5893322004,13443.4825854391
"MLI","Mali",934.549034530678,992.718398730421,1032.3192907087,1094.12825688939,1142.07474887725,1134.54084522887,1299.11323091031,1320.21236468532,1422.56168591077,1437.30313074196,1528.69378242072,1594.96501250136,1639.39368098739,1693.71971543993,1731.26843862105,1787.16167369972,1826.64755699191,1763.84025100346,1812.96622016798,1915.30447153208,2032.65587188008,2189.00662171156,2246.79742084484,2338.53367649202,2419.88684123378,2347.98817418131
"MLT","Malta",12475.0043770176,13076.1188344186,13820.1671703545,14470.5479472483,15110.4943411224,18355.4967894141,18510.598452046,19599.9414329873,20929.3954917416,21545.4251923105,22306.6228714756,23320.9598431822,25059.1377146874,26523.5326924729,26649.6041313751,28722.7021856242,28973.2708577894,30243.8413140141,32295.8473400221,34344.0217879777,37455.20487447,39887.0994858593,42644.0804444448,44268.5338690565,45888.6881337859,42461.2537065191
"MHL","Marshall Islands",2686.54316598274,2450.52051416124,2336.80080911357,2348.25357832215,2349.36564639614,2418.29234548246,2606.2933415512,2696.38204630264,2646.63562292303,2692.77029384939,2801.82673284151,2850.283957167,3006.25121118336,2869.19595343828,2978.41654792611,3208.01210799298,3245.58466417689,3221.19465655288,3396.18764714644,3411.16024031588,3483.3315181909,3548.86888038671,3711.89600373591,3912.6987058732,4219.79343990091,4147.93810415505
"MRT","Mauritania",3059.28162174416,3214.22845547228,3061.11146287119,3101.7030822883,3178.81968286444,3041.0702253779,3000.57466613872,3005.95073314967,3183.3181662141,3328.10640061893,3621.09155635431,4290.19748727981,4196.50015895176,4142.72234424078,4058.74088785121,4092.07881397772,4225.57126156528,4262.06369701868,4481.25184237154,4295.05148877935,4200.15256326701,4700.10626238273,5108.54913220438,5318.08595433072,5569.9952623887,5390.08609894654
"MUS","Mauritius",6681.33601130701,7110.74814621747,7554.37132502405,8018.50388967647,8241.22060596463,9027.4255262538,9459.23214573263,9696.47890758904,10386.3468050591,11058.2433058734,11536.8766924448,12406.3264296181,13407.9774212466,14353.1130641042,14902.3542077619,15698.522154027,16653.2438040789,16963.5112414049,17866.3068173778,18488.0467911726,19229.8354887212,20701.2189720364,21415.1161096211,22741.3513182703,23836.9168863905,20530.5052278281
"MEX","Mexico",8485.50697434094,9079.17689538365,9715.4024281218,10176.6354219884,10448.8243676125,11089.4899949864,11136.0219119709,11187.4769618308,11488.2956282873,12090.9912069056,12657.6376721808,13812.9013959234,14297.2213852569,14924.8216140502,14547.6445830778,15255.019052785,16520.2592224915,17162.9273706838,17373.8974567258,18056.7898061476,18301.5004690469,19323.6658689896,19721.2609759241,20096.1566534339,19863.0272301481,18444.0730450892
"FSM","Micronesia, Federated States of",2300.6765162134,2251.99356673006,2150.11441875171,2241.81166117747,2314.78467975792,2489.33489950001,2604.77823686281,2664.00776437792,2759.36270856274,2753.53042112328,2910.62480240181,3017.9144443054,3069.22730771649,3079.90160152824,3154.9146810029,3265.53400159196,3422.35584577393,3388.22435736779,3276.42426147408,3213.90713510002,3349.52480552651,3373.95715550678,3490.13048688552,3544.00482035087,3612.09767201253,3553.31602320341
"MDA","Moldova, Republic of",3184.28079690284,3058.13304560972,3175.81155531082,3002.66190609413,2948.04242583586,3083.73543020041,3351.09425092293,3678.12846682428,4004.96099950252,4428.07283180443,4920.41306115406,5327.428299442,5647.72573249059,6218.49981632334,5897.39182807244,6396.08927156131,6913.60229203322,7363.1623193664,8381.67183313924,8827.05410758548,9254.84860512976,10610.4778427993,11651.3174546862,12659.983658527,13577.4065771993,13000.4015858764
"MCO","Monaco",,,,,,,,,,,,,,,,,,,,,,,,,,
"MNG","Mongolia",3127.4770630516,3229.84459517452,3387.67001735567,3510.27712992801,3638.53493182824,3729.25149996333,3887.61721134092,4095.95647262826,4418.13842487967,4963.61772704887,5424.23011840358,5989.65998472923,6689.46229209468,7319.09689240988,7167.24678918012,7581.54667133989,8912.87339142443,10227.5302746287,10549.892056039,11056.2985279189,10648.2739820507,10737.4861306932,11366.3039371032,12317.4409245084,13014.1129028497,12366.9471196704
"MNE","Montenegro",6001.79131234555,6001.79131234555,6001.79131234555,6001.79131234555,6001.79131234555,6001.79131234555,6770.28791887894,7100.32463176472,7340.86099625212,7842.30215116776,8313.65223425161,10458.7261021072,12459.3179568578,13816.5733090898,13022.1453737403,13636.0150798042,14472.4848211905,13863.8907024936,14870.1529377846,15371.1425541614,16332.8483105714,18199.3830289122,19682.2651956681,21513.2997530468,23072.6737417188,19989.5715793218
"MAR","Morocco",2878.07818833918,3246.02319200291,3208.42171591406,3434.52751079975,3477.87895148896,3579.34995276316,3878.29043834641,4014.23916540692,4281.40038891461,4553.55713467899,4793.26702800313,5250.52167643913,5516.87427112371,5886.67211198563,6107.38027064461,6332.12566680149,6712.32317824853,6702.41832426533,6916.01303173881,6609.60910787755,7024.96308902663,7113.00459986287,7312.05677903856,7625.73575345848,7865.90652398288,7369.49263034016
"MOZ","Mozambique",327.317614214531,359.568603749378,396.510189317882,429.868556451255,474.936817743699,478.310707291172,532.549896830386,574.149654439252,606.707277750018,652.795962157088,697.431101166552,766.276874849406,824.482004497989,877.598449107282,914.777067512634,958.937458879074,1023.06508419963,1035.52243745772,1084.98419022789,1139.05178224398,1291.26803368146,1363.67495320137,1283.65986980986,1320.70226453913,1335.98641094402,1297.40453135139
"MMR","Myanmar",554.13518024085,594.557321801685,633.515997826567,668.884077358542,726.985650716598,825.901132733347,939.087183797067,1054.92519029011,1202.79183487972,1392.31676831569,1617.62678007034,1874.90036379915,2151.9464749068,2421.71296672503,2676.99756052717,2960.24121524112,3224.50101969619,3547.13065293373,3782.57259536657,4009.96256191736,4105.44337698664,4031.17973614038,4224.54503061412,4575.13099039776,4940.15249914319,5123.82560314223
"NAM","Namibia",4439.62467466497,4565.59110449699,4744.51299215587,4859.66242226966,5002.82265948449,5202.65565659653,5293.6097178686,5550.08102115218,5806.29946778991,6593.76263973393,6861.14612871679,7442.05620517631,7911.39503668299,8129.63007145251,8067.18288617816,8499.51964031467,8958.93231325387,9341.10668346837,9735.53264349043,10467.228042144,10633.294417575,10427.1217565842,10171.4214953612,10329.6550239114,10227.5826241438,9298.08681409223
"NRU","Nauru",4388.56866309097,4388.56866309097,4388.56866309097,4388.56866309097,4388.56866309097,4388.56866309097,4388.56866309097,4388.56866309097,4388.56866309097,4388.56866309097,4413.98469674832,4984.52380321924,3940.87749856642,4893.41995828773,5343.81598292718,5968.35221763453,6662.3894954113,7511.78951965066,9913.08075621947,12677.7294911724,13163.7578750804,13645.4106308139,12975.3923824717,13963.7673923866,14099.4853537362,14340.1724103815
"NPL","Nepal",1093.86845643716,1145.93442617779,1198.48969182851,1222.91937961644,1270.40834483511,1354.49523634581,1426.45437388067,1428.54947569054,1491.05904679104,1581.55906917053,1666.24845791235,1752.4997982394,1838.68764767773,1967.69982881858,2055.85226983614,2169.51535889719,2288.24933744554,2505.39181045661,2702.22496263423,2947.31648725396,2996.22046186766,2989.67500637537,3565.19780740052,3864.32212409671,4119.92233935514,4008.50551633518
"NLD","Netherlands",23433.6526928315,24508.7897540574,26017.0532191171,27708.97207423,29268.5360985179,31870.8335122969,33180.1829172939,34447.2053180645,34149.6192294255,35809.785664396,37625.5617084958,41013.7866357674,43939.1453400262,46420.2016795592,44556.9211528341,45043.9042332404,46599.02103045,47272.1030187972,49241.5178406305,49233.2153954401,50288.5913949377,52288.4150841353,55088.6338006744,57826.6284976675,59004.3249664016,59266.9085805339
"NZL","New Zealand",17915.4170292828,18470.1512348282,19143.8127983966,19347.415668445,20579.365916514,21513.702767374,22508.9367053708,23306.2795376277,23973.6339583007,25091.156979407,25677.4190803252,27755.5270442179,29369.8081937436,29827.1425475385,30681.2445433491,31222.4544777381,32701.3785970948,32988.6097597613,36242.6212285958,37293.3567850718,37479.6829800129,39955.8030258734,42285.319902666,42575.4449179591,45437.8889864425,44491.3249052222
"NIC","Nicaragua",2183.49798991955,2319.96522107029,2411.34072176215,2486.2525854385,2656.11980132476,2783.22891252777,2885.20362106677,2911.09479290476,2998.08761692462,3198.34719897089,3392.56217832768,3590.83108463621,3821.59213644485,3974.72954977733,3820.50291722455,3981.08092009041,4263.15777678703,4427.94692395537,4610.29898129055,4941.6997020079,5293.87046224287,5694.05428740789,6004.01408757341,5867.24389067727,5682.21597760341,5569.72155197893
"NER","Niger",774.713274705263,762.664283173862,760.9335886616,816.745311200433,797.658048080284,777.079347992688,821.41100107702,843.943189521231,846.471796189349,840.65698030462,896.352693822855,942.319883085811,961.246487390392,1016.56153590448,1005.3741075297,1062.68991377908,1068.24485293081,1158.66902042007,1127.34895266869,1142.51686453172,1145.30940196903,1153.33968949334,1163.22617020833,1229.22378179329,1276.15388335024,1288.25858163086
"NGA","Nigeria",2067.72907645035,2140.00635538955,2187.13500532952,2213.01665664337,2202.40995166816,2306.11452279705,2434.24621930855,2780.79229751906,2964.36299241115,3241.72449622315,3467.10515604015,3690.84024899033,3934.84253684898,4170.73291406376,4420.974011199,4703.20483066808,4922.70234464027,4982.94539878236,5225.17293432225,5507.16949454144,5426.33278732294,5234.67912691071,5190.35612668836,5278.84839470055,5352.67942303108,5186.41158271922
"NOR","Norway",24347.8175026416,26818.3035690277,28608.6541320459,28186.3913161414,30555.0490591114,36936.4865054381,37764.3084400157,37980.3539761745,38593.7083511957,42549.9438731467,47797.5299472052,54160.4818000859,55930.5334666428,61716.5997128422,55364.21942385,57919.6519537143,62076.7406576686,65354.7792483883,66961.2530988205,65892.6892787813,60368.9208717485,58939.9126133093,64050.7561654659,69808.3294106839,66799.1647159421,62644.8457362642
"OMN","Oman",32334.1260417294,33437.7977015166,35879.0159834117,37206.8267631489,37818.1026879154,40958.8897929661,43219.4159421271,42677.7036960788,41400.529436579,42019.2011586301,43244.722390149,45682.4913777081,47589.3976815013,50703.5844873735,51852.5053946245,50456.8583608358,49583.7438125858,50848.4758068356,48174.8497105683,44374.8815932721,35803.6572063605,33187.9546062102,33308.4843146012,33377.2826607888,32607.0154687216,31120.2958489838
"PAK","Pakistan",2365.93068025778,2455.15546085491,2452.98245938159,2472.43206015719,2529.00928403654,2625.26179450155,2709.02790116832,2753.54073972718,2898.03298255964,3127.69076876858,3357.36342582462,3579.96243151875,3766.85556187164,3818.07198504114,3868.7439423357,3890.29061860796,3993.55936698761,4018.73273731874,4103.62956351879,4238.63386740085,4373.01447488222,4410.0065649467,4571.20507840804,4853.26655740247,4896.39314506171,4812.88981820957
"PLW","Palau",9956.87241840853,9956.87241840853,9956.87241840853,9956.87241840853,9956.87241840853,9956.87241840853,10670.8193560463,11083.5522044119,10827.2608446865,11629.9176925208,12515.5798567576,12999.0553625889,13892.3999706002,13665.4364049565,13156.0850110896,13587.7609130582,14970.4976508244,15612.2099658668,15375.9763831751,16625.2693888659,18008.0905009777,18127.4826069843,17770.5619972634,18074.1999492078,17957.7677385764,16321.9856081389
"PAN","Panama",6706.37972373014,6963.85100308532,7394.006208944,7865.19085195141,8126.98765593382,8367.7319910136,8435.28877096758,8594.07054624109,8951.64979075647,9701.82263306321,10527.4555523952,11570.9739310535,13066.8607191987,14373.6501462201,14405.1109633029,15153.5359627257,16923.9465178769,18679.5139433198,20809.8551420422,22897.4026269576,25319.2166879602,27828.5557137667,30446.8495664097,31784.3144872865,32769.870319642,26782.4849811076
"PNG","Papua New Guinea",2181.60049163937,2336.06832469129,2229.46624955989,2117.05708648272,2136.04146884644,2081.45393773236,2079.35580323136,2066.01305723403,2106.82341943971,2176.64556336535,2335.16219732148,2477.99474593437,2678.30277277385,2656.8648318486,2791.71539390215,3039.78415744895,3069.759742115,3206.19582460322,3318.80093671364,3761.5234315663,3966.7707103884,4144.60363173213,4285.62875648139,4290.69828205284,4474.68580450025,4286.63444885431
"PRY","Paraguay",6681.61634416095,6754.36496576491,7008.43642629575,6939.7623779004,6799.34869089103,6654.17281515978,6612.67734769259,6590.16727798235,6876.99709020228,7223.55654044822,7485.2992173735,7960.72539286794,8495.33699904283,9097.52048887733,9020.30802243108,10001.5304279296,10503.5958528238,10018.7236347841,11062.5587335491,11454.4288765968,11486.5231905557,12041.7235427806,12590.548443655,13135.6988678799,13149.0385702748,13069.1761151384
"PER","Peru",4445.42627906544,4568.05314317106,4861.12190848049,4811.26041805526,4873.86444489795,5043.26718093489,5120.06880606732,5423.64423020835,5697.43212566785,6084.89253463637,6610.89170564893,7262.25808387806,8026.61032508827,8857.86386069926,8951.01253484043,9730.42110393424,10476.7963282297,10767.6773277036,11295.9632644083,11510.2788763872,11572.3207931902,12013.3773897006,12506.5293750586,13088.2958384558,13397.2739160483,11878.5215440702
"PHL","Philippines",2959.03175621259,3117.52828007041,3263.39480122162,3211.00256889602,3293.42284348112,3439.53875901901,3545.73414226395,3657.97035711492,3835.91675156979,4115.76881393865,4370.37388742261,4657.70879087958,5008.20140940702,5239.72693823081,5268.4949835375,5626.28116096019,5865.34355124333,6296.82761392706,6614.68352374649,6960.90071577639,7186.76928044539,7703.76227526107,8120.86879330973,8720.60737919396,9291.72691519935,8389.84859396256
"POL","Poland",7681.1968907662,8275.80159541634,8936.62578219735,9487.7542777577,10040.8983752326,10672.1210858295,11119.7151496001,11804.2662616751,12288.4628747003,13353.6821006072,13896.7933802513,15152.3360834285,16802.8339050496,18303.3529197974,19239.9284691728,21072.5265773139,22827.6981360924,23745.6977950948,24567.5061660535,25475.5046935927,26862.0525150288,28322.1069770901,30064.5034841771,31953.0350337072,33797.7673600747,34286.9850845384
"PRT","Portugal",14398.9200768501,14917.560359442,15788.6969790189,16687.0697070041,17718.1515724418,18876.6594757578,19524.8867396317,20356.647299736,20851.0885383283,21477.8261820846,22725.2774946084,24682.718852129,25733.1270889579,26665.8372952939,26458.9110362123,27261.9534524665,26769.5118850004,26438.0163019973,27936.0396644563,28742.4403783509,29660.8960672526,31607.7542431733,33044.7167387479,34928.5435337746,36172.0725393171,34177.085710564
"QAT","Qatar",96823.1132878345,96823.1132878345,96823.1132878345,96823.1132878345,96823.1132878345,96823.1132878345,99035.2578440416,103476.338362077,102757.778658013,113857.654034282,109856.952919085,120838.17387899,122882.838501804,125010.697400631,122424.611957113,132047.986609638,139358.96529319,141634.703824582,138229.768973896,129068.578897594,92968.2320964638,83102.3504973395,91738.7527956234,93154.2348987235,93771.1253057061,89968.7710158231
"ROU","Romania",5426.19766996711,5743.96197468127,5564.09450981763,5544.30857190463,5596.47248867696,5848.08495477489,6518.67529177843,7162.36577844649,7559.97534934003,8990.32564986372,9602.10475909396,11556.6242467632,13700.0935664487,16782.22907266,16631.8581907197,16976.2590867185,17896.2758641785,18869.5689682481,19781.9257079992,20657.6732894791,21605.8356153117,24271.4700174562,27141.9009335846,29342.0411489328,31867.3895653364,32099.4057187132
"RUS","Russian Federation",5613.28064719915,5517.85888983309,5699.94761728982,5465.05636193373,5914.32606206006,6825.3915111818,7361.36367852645,8037.47453541558,9254.53720076475,10226.7661539289,11822.3469289417,14912.2339332667,16648.2416399717,20163.6094155718,19389.9411762443,20490.1267193879,22798.6744273279,24303.4734145818,26073.8745307451,25761.6480209933,24085.3241847947,24128.0864065399,25926.4438539743,28821.2474490524,29967.1288518394,29812.2102548453
"RWA","Rwanda",499.377081285093,556.494532765587,604.034087456929,613.097360840229,602.429539488881,631.071338660396,674.347826760962,757.356050041669,776.423763010956,844.534663998542,935.300422713991,1028.87654054542,1108.9077304164,1223.56616194506,1275.34996299171,1349.45209368748,1450.57947764791,1488.66970702579,1543.27340017594,1706.6729870342,1804.54995234223,1882.37238004371,1975.24866113275,2138.89969873046,2321.71858979003,2213.82805425356
"KNA","Saint Kitts and Nevis",12251.6269544237,13082.0910734494,14096.9157578202,14065.4155513599,14593.8842444588,16246.829044109,17272.0829451812,17562.3889300208,16966.6685638925,17895.2222412073,20019.9867453382,21059.3000033717,21556.3300833194,23122.9094973157,22162.3965385714,22096.7052046653,22770.5051922447,21489.2597931986,22153.3319982916,23950.1374239284,23921.5244346294,25893.5110575803,26982.9295790329,28159.273421083,29812.5950020944,25653.3194431493
"LCA","Saint Lucia",8150.82000895558,8429.79506224566,8403.36713055248,8908.04044308141,9160.35821702759,9265.1462394042,9062.02137558626,9173.64072440385,9673.42475329533,10570.7762935141,10749.9007590603,11621.2503420166,11971.2680125042,12629.8233110619,12207.2701410652,12412.8775135974,13256.9264087396,13079.7725223798,13489.6960909185,13760.2507849254,13551.3452289242,14292.0817018376,14928.396096145,15653.2998019908,15843.7159877551,12709.8311166159
"VCT","Saint Vincent and the Grenadines",5011.86373786361,5172.23166057134,5453.70068131995,5745.34705372472,5988.70745177686,6221.54904545643,6460.38229204714,6964.36556864107,7623.16448380217,8138.89321816818,8593.56705003991,9535.6041729117,10127.0964880464,10498.791954927,10367.093598917,10139.5356186474,10302.5154675668,10457.1584317001,10909.2641778268,11309.4037895138,11643.2269226937,12456.0437503421,12245.1263378297,12765.3077242882,13017.3368299919,12705.0186107045
"WSM","Samoa",2733.61940184285,2964.07494016193,3020.6074591787,3107.67097188535,3207.20381126616,3488.71930381132,3792.22761050294,3996.40174224987,4228.75368113679,4515.05536132226,4818.85583564074,5030.18640221508,5456.56903795867,5581.28204690195,5316.20513034998,5362.86085040211,5653.19145398811,5478.93266241485,5508.71554603175,5569.50512152322,5825.05863962063,6330.80628482239,6489.77678623675,6537.87520461954,6912.0364600159,6768.7490387925
"SMR","San Marino",43193.7432325803,43193.7432325803,43193.7432325803,46437.3911901374,50821.9212542988,52473.6494447695,55887.3731588653,56226.2496546212,58684.5061682967,62176.3279174503,64812.4483017616,68467.4004074651,74368.2719999965,74527.862927686,66491.1545124906,62777.5326569631,57954.4296788917,54450.4840286607,53465.094018955,55432.0699369456,55614.6221714245,57455.563369947,58867.0133632425,61006.8482048258,63420.3271352174,63420.3271352174
"STP","Sao Tome and Principe",1841.81495419014,1841.81495419014,1841.81495419014,1841.81495419014,1841.81495419014,1841.81495419014,1841.81495419014,1880.47437999741,2001.19931301347,2087.5972070783,2250.63343635449,2464.32094404129,2540.24760106251,2722.65661386723,2734.0053919294,2876.87523455072,2997.20127372139,2954.73599678325,3319.0753299559,3817.19031592763,3837.49252820799,3889.52751797973,3952.94539403456,4089.15666556115,4174.72727243553,4273.84199068496
"SAU","Saudi Arabia",37475.0562135402,38354.7486967147,38712.2863960844,39514.7907880185,37791.2265465441,39882.6289655277,39240.7606943058,37667.0237662961,41441.8611624282,44601.7786980441,47161.1288397301,48552.5274052976,49394.0191905268,52047.0669155565,49933.1936504237,51529.8278892236,56133.1441876452,57364.9851130461,55908.2499274917,55726.1023123695,48611.1314748371,45484.4384338923,47306.222319502,48735.4604982217,48948.1740036301,46759.6572318256
"SEN","Senegal",1687.00568567773,1708.80101461992,1749.53834119596,1830.11364655568,1927.62824308548,1999.47133861611,2080.78915100038,2064.22952231147,2165.88941959296,2269.64126525561,2379.57033883869,2444.33033507418,2513.63954347394,2587.11748099237,2606.83823358733,2652.86079189005,2669.51708596393,2739.41900043656,2742.42073611368,2830.69730880355,2971.34681699748,3075.93735141524,3203.90636811769,3388.94631130208,3503.6175482752,3502.82000413679
"SRB","Serbia",4822.50710865476,5223.60347644115,5716.20504828989,5996.36171379994,5529.65144515571,6019.11492628876,6481.9926123849,7224.61832047595,7645.78577655798,8487.60464529993,9181.68830136227,10209.1835204463,11236.2250771166,12632.0778382091,12533.9654665528,12798.2721299571,13746.9250214832,13933.8446248778,14629.006797234,14659.5795098857,14928.4670387167,15858.0962718127,16611.023740948,17717.876495956,18822.4225189221,19093.8653391982
"SYC","Seychelles",10740.6059979309,11307.9728530684,12736.6357336617,13691.9390878244,13874.4235040713,14271.4199816868,14240.7537802014,14200.5851911352,13767.6770632411,13786.2865427819,15424.3274000404,17027.8441744009,19209.1583372974,18738.6110373725,18599.6254746883,19387.8625271702,21922.7395312636,21565.0379982842,22369.3912169768,23889.7837988235,24067.1946265363,25681.3127077556,27309.7621128652,28190.4768738254,28778.7914423181,25767.6129510412
"SLE","Sierra Leone",666.326337076307,689.032772371303,656.688055850168,668.807528916734,652.979887499108,693.011988587558,639.625381264198,786.369901943518,835.957177085289,875.879113735505,908.469057737067,944.768967643814,1020.25019883979,1070.51347419707,1088.37429210938,1134.08820259398,1203.21063825736,1405.57337746676,1746.55573739037,1787.64683702698,1586.68975408666,1596.61879942553,1633.73073779599,1694.32647288051,1777.30389283304,1727.10501781802
"SGP","Singapore",35107.568463734,36891.1621022864,39332.0657574551,37602.1779484559,40007.5067872125,43833.2209634865,43136.4302832781,45120.4076999013,48756.5625513753,54301.6977527417,58717.2171494993,63910.0846986138,68628.382588078,67576.8628304768,66149.0046454714,75294.35655382,80052.3914982651,82064.9611910836,83001.7878013707,84423.1913432675,86974.7476230627,89417.3490208324,95350.4356748021,100581.158024992,102573.401768252,98520.0295434221
"SVK","Slovakia",8692.95733812091,9404.87851543333,10086.1347613205,10623.006983763,10714.1771288139,11376.5559243662,12385.9884335137,13312.203306834,14181.1218408567,15226.3384286297,16639.3941239799,18914.02796042,21222.3803347842,23725.8577558996,23080.5865355505,25302.2327160354,26145.8893829396,26888.3480996682,27915.4332088556,28929.526363289,29964.8886109408,29645.7418912454,30061.5514717196,31214.5925736482,31966.5548434084,31356.458282425
"SVN","Slovenia",13620.4968288412,14304.3557197526,15282.7776783034,16056.0507296246,17083.2517215913,18001.2291555596,18948.2038933955,20241.5256786998,21112.375224886,22760.9469717198,23852.6430383942,25720.4495520146,27570.1451925507,29604.2914690241,27537.7584612632,27826.8723437553,28931.383323805,29042.8202729641,29973.6993541529,30870.0236667425,31628.247175832,33936.0440637175,36507.5530416531,38961.5443523867,40670.8778673103,39725.259194249
"SLB","Solomon Islands",1983.96114614244,1995.88243999613,1957.42171334866,1950.22502561636,1915.37460640342,1633.61442116766,1495.60601160949,1437.82463758087,1519.68490510167,1622.54987912086,1723.06739974187,1818.32755751358,1906.54475235642,2010.60602801299,2030.07539473092,2177.11470760574,2324.07367209321,2349.60879217402,2451.02332851887,2454.93054654717,2446.49919429778,2548.62996450083,2663.93950830045,2762.41641187812,2773.51236296948,2619.0615016917
"SOM","Somalia",811.035746876866,811.035746876866,811.035746876866,811.035746876866,811.035746876866,811.035746876866,811.035746876866,811.035746876866,811.035746876866,811.035746876866,811.035746876866,811.035746876866,811.035746876866,811.035746876866,811.035746876866,811.035746876866,811.035746876866,811.035746876866,811.035746876866,931.04272114061,1082.88587894515,1135.54299817583,1079.11244268258,1156.65130160161,1236.62580507746,1245.74388472777
"ZAF","South Africa",7393.29833894827,7702.70859087219,7904.61345695281,7905.76905389232,8090.83226566727,8498.51859366874,8801.28892918131,9154.891518853,9483.13234646428,10058.7409853464,10785.0833126626,11586.7845935066,12374.9701452634,12845.726180337,12568.453603784,12912.1250302392,13393.7668852316,13215.7086791394,13606.9428955207,13602.102642918,13701.9453895081,13748.4614158257,13860.2701664709,14209.0938333315,14289.7600030669,13360.5740081457
"ESP","Spain",16279.0965733251,16975.1210483621,17912.753584706,19096.6148932205,19954.2902150512,21584.2512044454,22949.1818514072,24371.5988492666,25046.1107003124,26143.6321744545,27606.9340516269,30720.2222055087,32469.5304500615,33263.2723985249,32092.3648208603,31682.7131000557,31867.9732396862,31720.1199986535,32434.0032017704,33525.7406299089,34903.1274779473,37286.2134326488,39528.9253872668,40696.3876815487,41695.1469476327,37756.3509997639
"LKA","Sri Lanka",3213.99559362207,3374.20577227887,3634.03928650868,3828.186040917,4029.0469069314,4339.68286403749,4335.36790211633,4542.33736932593,4860.33813415959,5218.68123598677,5670.95512893446,6242.37155825562,6795.34479692121,7287.58522156073,7550.29488741207,8194.26925385045,9007.73419869631,10315.1802471606,10852.0640424766,11256.8560497537,11557.4870517689,12224.2157651465,12584.1047924776,13169.0947047054,13622.8604484357,13224.6134973479
"SDN","Sudan",2084.23781599327,2188.72628771171,2397.65017448497,2461.08780824893,2504.31591834551,2648.42715507855,2803.35746239042,2935.65946277374,3090.62407144541,3245.03843395758,3437.78805669938,3669.80834963975,3876.12343595526,3993.36963604284,3809.61174608248,3900.26886823222,4216.37340803469,3805.89564036037,3838.36005087359,4427.44859014333,4434.47499467788,4757.05714578161,4598.85002570756,4474.6788151623,4350.06606227588,4142.44860924087
"SUR","Suriname",6808.11995077458,6902.80582291204,7329.30672754194,7488.72895677334,7401.29460838691,7634.37506897294,8033.46845014987,8290.67474808246,8871.60523126091,9769.86504832506,10405.6786663813,11210.7956395906,11960.9797390978,12552.9764862972,12880.6413064906,13548.5332311099,14475.0726056728,15785.1235672236,16815.1104323619,17261.0755848226,17210.2703419313,15062.4412909026,18283.6883894232,19461.9765178867,19841.8078062205,16734.7475490473
"SWZ","Swaziland",4094.41470414454,4244.08011368884,4371.2110961152,4459.12200354534,4590.54418713568,4721.96956239458,4837.106053724,5101.42952973323,5378.04199868851,5703.50576523464,6208.02654850338,6743.02954493251,7185.80993113114,7334.44491171221,7452.68629709854,7771.33143932733,8057.56380133461,8266.49172472382,8708.44027948732,8798.29399019978,8813.00878153511,8705.84316961283,8408.03591539676,8725.16279270436,9018.85428202091,8865.74021921105
"SWE","Sweden",23094.0519589745,23927.5143864562,24805.8245735106,25887.8381771631,27471.5582721119,29618.2792561377,29927.5992711839,30926.5055989396,31814.8635093299,33858.6114263449,34244.4650156257,37730.1637455216,40905.1458740502,42158.2956995539,40279.4615973941,42223.9196702844,44608.5802614915,45432.4319692761,46312.3923824667,47184.6691338182,49103.1334338706,50430.2528196052,51947.9542478244,53521.6306428288,54598.7803541484,55037.7239019554
"CHE","Switzerland",30851.8004105071,31534.0960736994,32771.0593671899,33905.1273776599,34818.0760351278,36772.6946184421,37896.6969577575,38814.3717381965,38840.8818833536,40336.4089557059,41749.2164457237,46502.9282746387,51208.0988282218,54096.8078629618,53354.0046402285,54858.4480758362,57987.5020305492,59933.5986829168,62225.087267788,64103.0104476336,66020.2043398841,68105.1549836834,69103.570264696,71660.2068398902,72033.9294404588,71745.2993952823
"SYR","Syrian Arab Republic",,,,,,,,,,,,,,,,,,,,,,,,,,
"TJK","Tajikistan",1038.06333795116,867.515129739197,884.706866117639,928.285769062839,961.80308841459,1048.59397915516,1155.2719806908,1278.36694213755,1419.99898899884,1579.25260198499,1705.06752902129,1843.44683002803,2000.14589072542,2155.20033796986,2208.88978211505,2328.45750918529,2496.58220381777,2750.35506308297,3027.81412582447,3303.09819685826,3150.4271143731,3114.89555778582,3252.93265536068,3497.32358020808,3732.86906809322,3858.19739065111
"TZA","Tanzania, United Republic of",1006.09112471951,1043.15644669434,1072.94180287891,1099.5510569654,1142.6259436597,1191.28366680265,1258.10715030749,1331.99250106647,1407.38692221876,1510.49533096981,1627.47038455021,1736.73159786729,1851.17301636046,1938.7204965821,1998.29789444736,2088.09771915927,2228.69649535672,2099.42972210947,2194.88485866424,2243.59245177191,2348.44349707706,2479.33409975074,2530.603317381,2652.39137762855,2773.15561377736,2779.91028970693
"THA","Thailand",6860.49820038285,7299.58988588226,7140.45260526972,6589.59978561721,6910.33109946693,7302.89176455799,7648.85517154723,8179.39791825619,8863.74089898519,9608.54569481236,10256.3348319773,11024.8482113762,11869.6744503848,12244.8189389977,12191.4143933543,13195.3710969019,13519.1290212159,14870.9755534493,15407.6654018139,15480.2107903621,15822.3709934811,16616.1950047178,17422.9523512059,18530.2117879533,19233.8659169861,18232.7953533164
"TLS","Timor-Leste",1250.87723327252,1250.87723327252,1250.87723327252,1250.87723327252,1250.87723327252,1250.87723327252,1459.4846117231,1351.01938404761,1311.38455593269,1317.60445167199,1366.55984466085,1321.61947074332,1467.58902030523,1636.48876269232,1784.35827606161,1938.85296942656,2060.24777126229,2345.54533919972,2483.17526884426,2721.04196769099,2912.73638111955,3130.5907130077,3177.48513651044,3168.41925877539,3780.04494563109,4141.29283047871
"TGO","Togo",842.86762751397,907.824774680652,1024.60328699528,980.290371711053,987.571163170613,972.454725934188,974.622824635291,1001.32744169826,1061.18602237763,1052.02491600185,1007.66061443953,1037.70015234096,1025.04310076195,1058.28434184322,1095.26284696965,1144.33240628451,1210.14284741094,1227.15615932305,1275.32531822813,1328.38029110687,1397.33240170021,1954.20357349429,2012.24069260973,2110.82641998658,2211.63493452434,2223.49830285652
"TON","Tonga",3102.08683704424,3206.06486144114,3291.21791148944,3395.51099686038,3556.26921999205,3649.38479651862,3848.81473265295,4076.8406453827,4224.16425430563,4206.99700219636,4311.6985292509,4400.42839638835,4492.76677228502,4760.27193103549,4524.73128953376,4610.50758977194,5048.27706228757,5228.95002753247,5388.09849343289,5639.83747588246,5774.16999918273,6195.840298731,6467.12427796495,6565.22321467831,6647.85899850289,6695.14286214142
"TTO","Trinidad and Tobago",9399.79819782944,10227.5174274384,11173.2065168048,12198.9347841704,13344.5748861322,14547.2354243521,15431.612378244,16845.8782346019,19539.4048064546,21550.6709980195,23485.5304913971,27264.7716451549,29196.0234843435,30632.9920857471,29366.3564030865,30528.8931380997,30887.9827973072,30063.3274626865,30059.7156457675,29698.5699447137,27397.229201165,26389.7416688838,26342.6166624768,26880.6387228774,26920.144729383,25023.6952469772
"TUN","Tunisia",4663.60399602877,5010.42857358993,5304.37263174412,5552.86166954048,5909.63671905087,6264.56065418687,6586.94881030977,6726.51123239183,7120.21858821098,7708.18886365193,8156.64497357494,8762.2979006963,9504.9263660909,9994.05387159558,10267.0350662332,10640.6146800597,10576.074140376,10731.3648923533,10769.9080408074,11024.809216739,10825.0874479973,10993.6254811499,11234.4897248596,11658.7268205614,11899.9563869168,10822.8471746334
"TUR","Turkey",10394.4522484118,11130.5311103979,11964.035329903,9102.6876922475,8774.3477483602,9628.91470174629,9280.25319725365,9401.23132772185,9699.92386379777,10979.769043155,12003.8479309778,13748.436532895,14986.1491469257,16182.4805088566,15597.9969428862,17542.1974989753,19799.1156771937,20772.4989492004,22438.7142497217,24090.2360374724,25753.3905100464,26512.0169514886,27913.8187158996,27960.980283621,26867.470307977,27235.4258308094
"TKM","Turkmenistan",3392.66370249086,3617.90176477364,3211.99439423042,3432.77056251375,4009.08662862199,4275.01417489579,4510.65574324292,4548.01832877158,4736.91428393093,5055.94467065404,5829.42818075931,6588.02983396395,7420.55944370704,8561.57583433798,9021.14387891003,9810.61205370553,11294.9680818522,12057.1822385492,12739.1795756826,13490.9970361539,13690.6141143429,13862.275566957,14205.0265119624,15201.778571094,16195.5387877252,16195.5387877252
"TUV","Tuvalu",1937.8294410987,1851.89006592263,2071.12096614165,2418.05744129864,2411.50916067237,2429.01069520805,2499.9610433823,2706.93009393983,2629.38179405709,2623.99163626901,2570.64485310905,2672.73646261111,2889.97863307234,3151.78604443587,3006.47092401387,2928.11876260496,3182.19911438705,3084.57309263809,3250.59005568992,3317.4322873683,3613.73476634734,3717.91727400266,3896.74847292992,4040.29591135419,4455.54263488144,4652.95384438438
"UGA","Uganda",908.106171918794,978.910449471177,1017.12510012362,1048.26980451147,1115.92864532173,1142.00328538971,1190.36219856788,1274.12655135011,1338.54218012418,1422.12805083138,1510.66554659779,1670.71134018788,1802.20738807063,1935.21785692282,2017.66556576627,2088.62199281003,2259.4428885976,2013.88071077228,2014.27496126491,2088.40733058904,2128.74495548916,2092.4755658992,2074.65243576542,2175.8080625016,2275.21445635946,2294.33510740949
"UKR","Ukraine",4138.08264684531,3826.26108038127,3812.42716691283,3816.03363536428,3899.98046642857,4265.12266190064,4792.33830734275,5177.01359617013,5822.02875221654,6734.88271360069,7210.60349505145,8045.48650081632,8993.8938563655,9425.43953464763,8095.59141512148,8558.99171339789,9246.76919300463,9705.35870651105,11111.0514341141,10743.5863638157,10164.3273340852,11148.196546631,11860.5609298492,12633.1340735213,13346.4758771814,13054.7609939201
"ARE","United Arab Emirates",89669.4370194534,91887.1902945412,96181.5560804029,92629.3565810728,91712.0214854007,98365.1573861082,96724.0651137829,95551.7276379628,99239.9601570956,101872.973588358,97671.629302072,95679.8575342087,87102.97188999,79732.2434989502,68167.5758770941,64882.8503411842,67686.3853798798,69102.4761704654,70374.2353627555,73619.0446557068,64901.8800512352,63968.8880391711,67183.6053111678,68576.1155226865,71150.5421414274,66771.4997535294
"GBR","United Kingdom",20617.4328399473,21968.9288226088,23049.6127188317,23683.5147020119,24463.4963288274,26472.1937143329,27807.1693211993,29062.1238667812,30355.2833801407,32058.4154913466,32747.3540098412,34845.5917720001,35695.2984903994,36863.5847601847,35212.420476946,36576.5865398028,37379.2909657729,38514.0261691783,40218.7472562217,41580.6024876318,42912.8750936201,44635.2995586517,46372.38660351,47573.4880155177,49041.4635475451,46482.8622423026
"USA","United States",28690.8757013347,29967.7127181749,31459.1389804773,32853.6769523009,34513.5615037271,36334.9087770589,37133.2428088526,38023.1611144021,39496.4858751381,41712.8010675545,44114.7477810544,46298.7314440927,47975.9676958038,48382.5584490552,47099.9804711343,48466.6576026922,49882.5581321495,51602.9310457907,53106.5367672165,55049.9883272312,56863.3714957652,58021.4004997125,60109.6557260477,63064.4184096728,65279.529026095,63206.5210767941
"URY","Uruguay",8431.9031628364,9000.72104198845,9875.51895197393,10371.685652876,10264.5276055778,10255.1008821721,10059.7877241318,9427.15285991748,9686.49510153065,10451.8934493213,11580.3856760681,12406.3658786305,13547.1312743656,14764.1876516712,15464.2622035389,16817.0790492985,18002.8938254166,18192.3297038387,19130.0613970595,20093.6240651453,20217.5604365641,22454.3948288087,23009.8742286911,23588.1513898133,24006.7869388827,22793.6879803833
"UZB","Uzbekistan",2191.8288935933,2226.90034458395,2340.05639611211,2428.74251167268,2542.20173476865,2661.61881858427,2797.61377487244,2918.84534965641,3063.03725877466,3341.03798474284,3641.92894904021,3982.83202748454,4413.96997843348,4827.99362858401,5168.51129605828,5469.38117269275,5844.80756223251,6061.94715388358,6302.64724360333,6494.85994090064,6680.18470067684,6796.90489209483,6840.70986001705,7252.98519675475,7658.89955894696,7734.02449532989
"VUT","Vanuatu",1949.39483585147,1989.17604529589,2085.2858277539,2096.77230265241,2095.69404687207,2224.02444784482,2146.32718599426,2016.6532151367,2088.00123357511,2173.31551042415,2301.73216765773,2510.97498030347,2591.0124471519,2724.40977283015,2760.44888835511,2756.32820689586,2825.15540608523,2828.60595960986,2811.37139475891,2871.75481202947,2832.1783368353,2918.59602708646,3081.83519771335,3167.73497475442,3269.91477999534,3010.85512902338
"VEN","Venezuela, Bolivarian Republic o",11484.9370175135,11435.0716627126,12136.0028714359,12070.4106793348,11294.7588008111,11748.9894765885,12185.5431085935,11078.0770450801,10224.9065131216,12207.7178980276,13657.8155423489,15219.7156169083,16748.7192824652,17723.1504744565,17042.6826713899,16740.3682415571,17527.7487382376,17527.7487382376,17527.7487382376,17527.7487382376,17527.7487382376,17527.7487382376,17527.7487382376,17527.7487382376,17527.7487382376,17527.7487382376
"VNM","Viet Nam",1393.58862439755,1528.02289614211,1658.92535513799,1751.98495914325,1840.44083887238,1987.30273505379,2134.43833474013,2282.85832742968,2462.50157504763,2694.45812456321,2960.64101845087,3232.81296935298,3522.93833102894,3758.55492154307,3952.73424089527,4213.29572145975,4523.25272760324,5042.4811863999,5358.94663695122,5745.20525351342,6102.63686904782,6572.97623420622,7155.4431870997,7768.08021752044,8381.23931963427,8650.13346960462
"YEM","Yemen",2471.67632511193,2538.94044109976,2633.32614467357,2741.47302339684,2805.74623596941,2960.43152401627,3051.17912378917,3129.65914928654,3212.93981455763,3333.06158239602,3526.67428247206,3643.45450382773,3758.16469243732,3860.43241968131,3928.22914811088,4162.08863091114,3607.09056584882,3491.20460991407,3688.51940852363,3688.51940852363,3688.51940852363,3688.51940852363,3688.51940852363,3688.51940852363,3688.51940852363,3688.51940852363
"ZMB","Zambia",1450.6964301294,1528.27483404311,1571.54346173506,1539.96118502978,1590.65203087106,1644.91975295384,1724.63505526377,1784.21468463103,1894.3500009363,2029.17510223689,2185.94418061508,2366.75939477738,2563.94400784219,2741.24533503014,2933.13055042862,3178.87232965813,3323.93762313186,3422.61993726372,3578.84705510025,3539.43639012079,3430.40028706898,3404.67399013052,3485.02178024575,3606.09763197027,3617.20001387661,3457.61010164947
"ZWE","Zimbabwe",1941.86611493074,2157.62091845013,2233.39287339111,2305.13399072026,2304.45247481421,2272.59936583514,2347.49946487563,2167.01921456762,1827.8668437957,1762.52064890457,1705.56997941708,1685.36238949018,1653.747515405,1374.16955907395,1532.82158569606,1830.82733292151,2101.82405127514,2375.92700580051,2560.77326674813,2612.45595398863,2679.50761483742,2806.4690320362,3795.64243109451,4017.2217158275,3783.54789758416,3537.35139379584
